MAURICIO OLIVEIRA;64993472571;cumpriu
NAYARA SOUZA;64992161914;cumpriu
IASMIN SILVA;64993003245;cumpriu
EDILEIA SOBRINHO;62991077206;cumpriu
PAULO LIMA;64993218815;cumpriu
YASMIN LOPES;64992094937;cumpriu
EDILEUZA TEIXEIRA;64981313734;cumpriu
JULIO RODRIGUES;64992204506;cumpriu
LAYNE SANTOS;64992319505;cumpriu
PEDRO SILVA;64993259644;cumpriu
ALDO PEREIRA;64993164850;cumpriu
YTALO MIRANDA;11962657259;cumpriu
FERNANDA RODRIGUES;64981272427;cumpriu
GEOVANA SILVA;64981465021;cumpriu
ANA FERREIRA;62992498568;cumpriu
LAISE SOUSA;9984637038;cumpriu
CARINE ABREU;64984186268;cumpriu
FRANCISCO ALMEIDA;64992356315;cumpriu
JAMILLY MONTE;64992842034;cumpriu
RICHARD SILVA;64974000345;cumpriu
LOURINELDO FEITOSA;64993183270;cumpriu
RAYKA OLIVEIRA;64993304898;cumpriu
LEANDRO CRUZ;9988080615;cumpriu
BRUNO OLIVA;64993145259;cumpriu
ANTONIA SILVA;91992674760;cumpriu
ANDERSON RODRIGUEZ;64993303863;cumpriu
JESSICA GONCALVES;64992329309;cumpriu
ANA SOUSA;64992588584;cumpriu
EDUARDA SANTOS;64993078275;cumpriu
KARINA SOUSA;64992197451;cumpriu
LEROY SANTANA;95984084619;cumpriu
DANIELLE BORGES;64992483651;cumpriu
JAQUELINE SANTOS;64992228814;cumpriu
TAINARA SILVA;64992233698;cumpriu
ADIXON PORTILLO;81989055581;cumpriu
MATEUS SILVA;64992696037;cumpriu
THAUAN VIEIRA;64993334723;cumpriu
VICTOR CARDOSO;17996704484;cumpriu
IZABELA COSTA;64992509284;cumpriu
TAINA FAGUNDES;66992152751;cumpriu
BRUNA ABDUB;64996155471;cumpriu
MICHELLY CARVALHO;62993508002;cumpriu
FRANCIELE SILVA;64999813571;cumpriu
LORENZO SANTOS;64935003616;cumpriu
BRYAN ARANA;64992602716;cumpriu
EVERTON SILVA;64992679528;cumpriu
ADRIAN DIAS;64993202145;cumpriu
MELCK SOARES;64981016562;cumpriu
ELDSON BRANCO;64992934352;cumpriu
GUSTAVO FREITAS;64993354910;cumpriu
BRENNER SILVA;64992682591;cumpriu
JULIA BIZERRA;64999266545;cumpriu
LUIGI FURTUNATO;64992151803;cumpriu
WELVISLAINY ASSUNÇÃO;64992336606;cumpriu
ANNA OLIVEIRA;64993396199;cumpriu
EMILLY OLIVEIRA;64993464928;cumpriu
PATRICK CHAGAS;64992500453;cumpriu
PEDRO ARAUJO;64993342129;cumpriu
BEATRIZ DANTAS;64993020164;cumpriu
JULIA NASCIMENTO;11984807517;cumpriu
CARLOS VILELA;64992722156;cumpriu
SAMUEL CARDOSO;64981075487;cumpriu
VICTOR PIMENTEL;64992968432;cumpriu
BRENDA SANTOS;64992441875;cumpriu
MARCOS PEIXOTO;64993145822;cumpriu
RUBIA FERREIRA;94981250970;cumpriu
BRUNA BOAS;64992940822;cumpriu
LUANA TEIXEIRA;64993198539;cumpriu
MARCOS FUKUROZAKI;64981247866;cumpriu
EMERSON ROCHA;64992166901;cumpriu
NATANEL SILVA;64993281630;cumpriu
ANA RIBEIRO;88981275849;cumpriu
ESTER SANTOS;64992791927;cumpriu
ERIK PALHANO;64993270436;cumpriu
JOSY PINTO;64993256770;cumpriu
GUILHERME CARVALHO;64981177574;cumpriu
KAYMAN CLEMENTE;64993324174;cumpriu
LUIZ SOUZA;64993161277;cumpriu
KEMYLLY SOUSA;64993263735;cumpriu
MARIANA PEREIRA;64992412100;cumpriu
EDIMILA CARVALHO;64992141466;cumpriu
MIRIA OLIVEIRA;61991218767;cumpriu
MARIA OLIVEIRA;64993341938;cumpriu
JESSICA BARROS;64992423671;cumpriu
IRIS LOPES;64981038345;cumpriu
MARIE DUBIC;64992170113;cumpriu
ANTONIA MAIA;99984382860;cumpriu
ANA GUIMARAES;64992729174;cumpriu
KAINE SANTOS;62994910948;cumpriu
MARIA MENEZES;64993216930;cumpriu
CARLA CUNHA;64935016047;cumpriu
NAYARA MODESTO;64993339702;cumpriu
GEOVANA CASTILHO;64992168718;cumpriu
ANA MOURA;94984436126;cumpriu
KATIANE PEREIRA;64993239050;cumpriu
DAMARIS MENDES;64992831066;cumpriu
ELEUZA SOUSA;64993052648;cumpriu
ANA CUNHA;64992290506;cumpriu
ANA FREITAS;62994746807;cumpriu
ADRIANA SANTOS;64992870320;cumpriu
THAMISSA NEVES;64992258247;cumpriu
EVELLYN DORNELES;64993013099;cumpriu
VIVIANE SOUZA;64992678337;cumpriu
TATIELE RAMOS;64999518536;cumpriu
RAUL GUILHERMO;18991568947;cumpriu
CARLIANE SANTOS;64992996233;cumpriu
LAIANE FREITAS;64992732792;cumpriu
CARLOS LIMA;62993657587;cumpriu
ANNA LEAL;64999040032;cumpriu
HUGO COSTA;73981405425;cumpriu
ALFREDO GOMEZ;95984169863;cumpriu
ANA COSTA;98988655014;cumpriu
DANUSIO FILHO;98989022210;cumpriu
KATHERINE TORRES;95984169863;cumpriu
LEONARDO SILVA;64981434202;cumpriu
MARIA SILVA;64993109565;cumpriu
RAFAEL RAMOS;64993256847;cumpriu
AMANDA CAMPOS;64974007996;cumpriu
HELLEN SOUZA;64993263339;cumpriu
POLIANA ALVES;61994555991;cumpriu
AMANDA SILVA;64993181967;cumpriu
ANTONIO PIRES;91992693826;cumpriu
BRYAN ALMEIDA;64992556131;cumpriu
CARLOS OLIVEIRA;21985012458;cumpriu
FELIPE SOUZA;74981076549;cumpriu
FREDERICO CARVALHO;64992841523;cumpriu
GABRIEL JESUS;64993365970;cumpriu
GUILHERME SOUZA;94984235688;cumpriu
GUILHERME ANDRADRE;64992845956;cumpriu
ICARO NASCIMENTO;64981003723;cumpriu
LIEBERT LIRA;64993349618;cumpriu
PAULO SILVA;64993084700;cumpriu
ALCIDES SILVA;64992454242;cumpriu
ANA SOUSA;34991957212;cumpriu
DIEGO NASCIMENTO;64992767238;cumpriu
ELISEU SANTOS;11998248375;cumpriu
EMILY SILVA;64996185100;cumpriu
ERIC SILVA;34984431592;cumpriu
JEMIR PIRES;64999084793;cumpriu
NORMA DUANY;64992080470;cumpriu
REGINALDO MOTA;64992287255;cumpriu
MARISOL RUIZ;64981356737;cumpriu
VICTOR SANTOS;64993155990;cumpriu
IANDARA NASCIMENTO;64993154623;cumpriu
SILMA TEIXEIRA;64992441575;cumpriu
NEPHTANIA MATHURIN;64981012314;cumpriu
MARIE KERCELIN;64981012314;cumpriu
DAYANA PONS;95984184532;cumpriu
LUIZA GARCIA;64992328695;cumpriu
JOSIEL ALMADA;64992707168;cumpriu
