Mês;Solicitado;Entregue;Taxa
Semana 01 a 06/07/2026;699;667;0,954220315
Semana 07 a 13/07/2026;826;795;0,962469734
Semana 14 a 20/07/2026;844;806;0,954976303
Semana 21 a 27/07/2026;777;846;1,088803089
Semana 28 a 31/07/2026;454;489;1,077092511
Semana 01 a 10/08/2026;322;447;1,388198758
Semana 11 a 17/08/2026;204;282;1,382352941
Semana 18 a 24/08/2026;318;325;1,022012579
Semana 25 a 31/08/2026;328;269;0,820121951
Semana 01 a 07/09/2026;305;301;0,986885246
Semana 08 a 14/09/2026;168;175;1,041666667
