Dia;DiaNum;DiaSemana;FimDeSemana;Solicitado;Entregue;Escala;Trabalhou;Folga;Atestado;Outra justificativa;Falta;Absenteismo_%;Cobertura_%;Em_posto_%;Saldo
2026-07-01;1;Qua;False;101;103;112;93;10;0;0;9;8,035714285714286;101,98019801980197;92,07920792079209;2
2026-07-02;2;Qui;False;99;102;113;92;8;2;0;11;9,734513274336283;103,03030303030303;92,92929292929293;3
2026-07-03;3;Sex;False;105;106;115;97;7;2;0;9;7,82608695652174;100,95238095238095;92,38095238095238;1
2026-07-04;4;Sab;True;99;101;115;94;6;1;0;14;12,173913043478262;102,020202020202;94,94949494949495;2
2026-07-05;5;Dom;True;99;96;112;79;13;4;0;16;14,285714285714285;96,96969696969697;79,7979797979798;-3
2026-07-06;6;Seg;False;102;99;116;83;15;1;0;17;14,655172413793101;97,05882352941177;81,37254901960785;-3
2026-07-07;7;Ter;False;101;109;119;78;31;0;0;10;8,403361344537815;107,92079207920793;77,22772277227723;8
2026-07-08;8;Qua;False;101;110;121;89;20;1;0;11;9,090909090909092;108,91089108910892;88,11881188118812;9
2026-07-09;9;Qui;False;101;113;128;94;17;1;1;15;11,71875;111,88118811881189;93,06930693069307;12
2026-07-10;10;Sex;False;101;125;133;110;13;2;0;8;6,015037593984962;123,76237623762376;108,91089108910892;24
2026-07-11;11;Sab;True;101;124;134;104;18;2;0;10;7,462686567164178;122,77227722772277;102,97029702970298;23
2026-07-12;12;Dom;True;105;108;134;93;15;0;0;26;19,402985074626866;102,85714285714285;88,57142857142857;3
2026-07-13;13;Seg;False;105;119;137;92;26;0;1;18;13,138686131386862;113,33333333333333;87,61904761904762;14
2026-07-14;14;Ter;False;105;123;136;87;35;1;0;13;9,558823529411764;117,14285714285715;82,85714285714286;18
2026-07-15;15;Qua;False;106;125;138;93;26;3;3;13;9,420289855072465;117,9245283018868;87,73584905660378;19
2026-07-16;16;Qui;False;106;120;141;90;28;2;0;21;14,893617021276595;113,20754716981132;84,90566037735849;14
2026-07-17;17;Sex;False;106;122;140;103;16;2;1;18;12,857142857142856;115,09433962264151;97,16981132075472;16
2026-07-18;18;Sab;True;109;114;140;96;14;4;0;26;18,571428571428573;104,58715596330275;88,07339449541286;5
2026-07-19;19;Dom;True;108;113;140;91;16;4;2;27;19,28571428571429;104,62962962962963;84,25925925925925;5
2026-07-20;20;Seg;False;111;117;142;85;28;4;0;25;17,6056338028169;105,40540540540539;76,57657657657657;6
2026-07-21;21;Ter;False;111;120;144;90;27;3;0;24;16,666666666666664;108,10810810810811;81,08108108108108;9
2026-07-22;22;Qua;False;111;115;144;89;22;4;0;29;20,13888888888889;103,60360360360362;80,18018018018019;4
2026-07-23;23;Qui;False;111;120;144;84;31;5;0;24;16,666666666666664;108,10810810810811;75,67567567567568;9
2026-07-24;24;Sex;False;111;125;144;100;19;6;0;19;13,194444444444445;112,61261261261262;90,09009009009009;14
2026-07-25;25;Sab;True;111;128;150;108;14;6;0;22;14,666666666666666;115,31531531531532;97,2972972972973;17
2026-07-26;26;Dom;True;111;116;147;92;19;5;0;31;21,08843537414966;104,5045045045045;82,88288288288288;5
2026-07-27;27;Seg;False;111;122;150;93;26;3;0;28;18,666666666666668;109,90990990990991;83,78378378378379;11
2026-07-28;28;Ter;False;111;128;156;92;33;3;0;28;17,94871794871795;115,31531531531532;82,88288288288288;17
2026-07-29;29;Qua;False;111;126;147;108;17;1;0;21;14,285714285714285;113,51351351351352;97,2972972972973;15
2026-07-30;30;Qui;False;116;119;142;96;22;1;0;23;16,19718309859155;102,58620689655173;82,75862068965517;3
2026-07-31;31;Sex;False;116;116;136;99;16;1;0;20;14,705882352941178;100,0;85,34482758620689;0
