Funcao;Solicitado;Entregue;Escala;Trabalhou;Folga;Atestado;Outra justificativa;Falta;Absenteismo_%;Cobertura_%;Em_posto_%;Saldo
Garçom;1271;1061;1258;894;133;31;3;197;15,659777424483307;83,47757671125098;70,33831628638868;-210
Aux. Serviços Gerais / Limpeza;424;324;451;266;54;3;1;127;28,159645232815965;76,41509433962264;62,735849056603776;-100
Atendente de Parque;387;377;468;299;57;20;1;91;19,444444444444446;97,41602067183463;77,2609819121447;-10
Recepcionista de Parques;365;321;361;271;43;7;0;40;11,080332409972298;87,94520547945206;74,24657534246575;-44
Auxiliar de Cozinha;279;301;312;259;40;2;0;11;3,5256410256410255;107,88530465949822;92,831541218638;22
Monitor de Lazer e Recreação;202;122;125;100;22;0;0;3;2,4;60,396039603960396;49,504950495049506;-80
Atendente de Hotelaria;133;237;258;175;55;7;0;21;8,13953488372093;178,1954887218045;131,57894736842107;104
Camareira;120;333;406;249;79;3;2;73;17,980295566502463;277,5;207,50000000000003;213
Concierge;31;31;31;24;7;0;0;0;0,0;100,0;77,41935483870968;0
Auxiliar de Lavanderia;28;243;264;185;57;0;1;21;7,954545454545454;867,8571428571429;660,7142857142857;215
Atendente de Portaria;24;29;30;14;14;1;0;1;3,3333333333333335;120,83333333333333;58,333333333333336;5
Guia de Férias;14;23;23;17;6;0;0;0;0,0;164,28571428571428;121,42857142857142;9
Vendedor Interno;14;80;81;68;12;0;0;1;1,2345679012345678;571,4285714285714;485,71428571428567;66
Roupeiro;6;91;91;67;24;0;0;0;0,0;1516,6666666666665;1116,6666666666665;85
Operador de Lava-Jato;4;11;11;6;5;0;0;0;0,0;275,0;150,0;7
