Dia;Funcao;Solicitado;Trabalhou;Folga;Atestado;Outra justificativa;Falta;Fora do contrato;Entregue;Escala;Absenteismo_%;Cobertura_%;Em_posto_%;Saldo;DiaNum;DiaSemana;FimDeSemana
2026-07-01;Atendente de Hotelaria;0;3;1;0;0;1;7;4;5;20,0;;;4;1;Qua;False
2026-07-01;Atendente de Parque;17;8;0;0;0;1;14;8;9;11,11111111111111;47,05882352941176;47,05882352941176;-9;1;Qua;False
2026-07-01;Atendente de Portaria;0;0;0;0;0;0;2;0;0;;;;0;1;Qua;False
2026-07-01;Aux. Serviços Gerais / Limpeza;15;9;1;0;0;4;7;10;14;28,57142857142857;66,66666666666666;60,0;-5;1;Qua;False
2026-07-01;Auxiliar de Cozinha;9;11;0;0;0;0;1;11;11;0,0;122,22222222222223;122,22222222222223;2;1;Qua;False
2026-07-01;Auxiliar de Lavanderia;0;3;2;0;0;1;7;5;6;16,666666666666664;;;5;1;Qua;False
2026-07-01;Camareira;2;4;3;0;0;1;14;7;8;12,5;350,0;200,0;5;1;Qua;False
2026-07-01;Concierge;1;0;1;0;0;0;0;1;1;0,0;100,0;0,0;0;1;Qua;False
2026-07-01;Garçom;41;40;0;0;0;1;88;40;41;2,4390243902439024;97,5609756097561;97,5609756097561;-1;1;Qua;False
2026-07-01;Guia de Férias;0;0;0;0;0;0;1;0;0;;;;0;1;Qua;False
2026-07-01;Monitor de Lazer e Recreação;4;4;0;0;0;0;1;4;4;0,0;100,0;100,0;0;1;Qua;False
2026-07-01;Operador de Lava-Jato;0;0;0;0;0;0;1;0;0;;;;0;1;Qua;False
2026-07-01;Recepcionista de Parques;9;9;0;0;0;0;7;9;9;0,0;100,0;100,0;0;1;Qua;False
2026-07-01;Roupeiro;1;1;2;0;0;0;2;3;3;0,0;300,0;100,0;2;1;Qua;False
2026-07-01;Vendedor Interno;2;1;0;0;0;0;2;1;1;0,0;50,0;50,0;-1;1;Qua;False
2026-07-02;Atendente de Hotelaria;0;2;3;0;0;0;7;5;5;0,0;;;5;2;Qui;False
2026-07-02;Atendente de Parque;17;6;1;0;0;2;14;7;9;22,22222222222222;41,17647058823529;35,294117647058826;-10;2;Qui;False
2026-07-02;Atendente de Portaria;0;0;0;0;0;0;2;0;0;;;;0;2;Qui;False
2026-07-02;Aux. Serviços Gerais / Limpeza;15;8;1;1;0;2;9;10;12;16,666666666666664;66,66666666666666;53,333333333333336;-5;2;Qui;False
2026-07-02;Auxiliar de Cozinha;9;11;0;0;0;0;1;11;11;0,0;122,22222222222223;122,22222222222223;2;2;Qui;False
2026-07-02;Auxiliar de Lavanderia;0;3;1;0;0;2;7;4;6;33,33333333333333;;;4;2;Qui;False
2026-07-02;Camareira;2;7;0;0;0;1;14;7;8;12,5;350,0;350,0;5;2;Qui;False
2026-07-02;Concierge;1;1;0;0;0;0;0;1;1;0,0;100,0;100,0;0;2;Qui;False
2026-07-02;Garçom;41;39;1;0;0;4;85;40;44;9,090909090909092;97,5609756097561;95,1219512195122;-1;2;Qui;False
2026-07-02;Guia de Férias;0;0;0;0;0;0;1;0;0;;;;0;2;Qui;False
2026-07-02;Monitor de Lazer e Recreação;4;4;0;0;0;0;1;4;4;0,0;100,0;100,0;0;2;Qui;False
2026-07-02;Operador de Lava-Jato;0;0;0;0;0;0;1;0;0;;;;0;2;Qui;False
2026-07-02;Recepcionista de Parques;9;8;0;1;0;0;7;9;9;0,0;100,0;88,88888888888889;0;2;Qui;False
2026-07-02;Roupeiro;1;2;1;0;0;0;2;3;3;0,0;300,0;200,0;2;2;Qui;False
2026-07-02;Vendedor Interno;0;1;0;0;0;0;2;1;1;0,0;;;1;2;Qui;False
2026-07-03;Atendente de Hotelaria;4;6;0;0;0;0;6;6;6;0,0;150,0;150,0;2;3;Sex;False
2026-07-03;Atendente de Parque;17;8;0;0;0;1;14;8;9;11,11111111111111;47,05882352941176;47,05882352941176;-9;3;Sex;False
2026-07-03;Atendente de Portaria;0;0;0;0;0;0;2;0;0;;;;0;3;Sex;False
2026-07-03;Aux. Serviços Gerais / Limpeza;15;11;0;0;0;2;8;11;13;15,384615384615385;73,33333333333333;73,33333333333333;-4;3;Sex;False
2026-07-03;Auxiliar de Cozinha;9;9;1;0;0;1;1;10;11;9,090909090909092;111,11111111111111;100,0;1;3;Sex;False
2026-07-03;Auxiliar de Lavanderia;0;3;2;0;0;1;7;5;6;16,666666666666664;;;5;3;Sex;False
2026-07-03;Camareira;4;6;0;0;0;2;14;6;8;25,0;150,0;150,0;2;3;Sex;False
2026-07-03;Concierge;1;1;0;0;0;0;0;1;1;0,0;100,0;100,0;0;3;Sex;False
2026-07-03;Garçom;41;39;0;1;0;2;87;40;42;4,761904761904762;97,5609756097561;95,1219512195122;-1;3;Sex;False
2026-07-03;Guia de Férias;0;0;0;0;0;0;1;0;0;;;;0;3;Sex;False
2026-07-03;Monitor de Lazer e Recreação;4;3;1;0;0;0;1;4;4;0,0;100,0;75,0;0;3;Sex;False
2026-07-03;Operador de Lava-Jato;0;0;0;0;0;0;1;0;0;;;;0;3;Sex;False
2026-07-03;Recepcionista de Parques;9;7;2;1;0;0;6;10;10;0,0;111,11111111111111;77,77777777777779;1;3;Sex;False
2026-07-03;Roupeiro;1;2;1;0;0;0;2;3;3;0,0;300,0;200,0;2;3;Sex;False
2026-07-03;Vendedor Interno;0;2;0;0;0;0;1;2;2;0,0;;;2;3;Sex;False
2026-07-04;Atendente de Hotelaria;4;5;1;0;0;0;6;6;6;0,0;150,0;125,0;2;4;Sab;True
2026-07-04;Atendente de Parque;12;8;0;0;0;1;14;8;9;11,11111111111111;66,66666666666666;66,66666666666666;-4;4;Sab;True
2026-07-04;Atendente de Portaria;0;0;0;0;0;0;2;0;0;;;;0;4;Sab;True
2026-07-04;Aux. Serviços Gerais / Limpeza;14;10;0;0;0;3;8;10;13;23,076923076923077;71,42857142857143;71,42857142857143;-4;4;Sab;True
2026-07-04;Auxiliar de Cozinha;9;9;0;0;0;1;2;9;10;10,0;100,0;100,0;0;4;Sab;True
2026-07-04;Auxiliar de Lavanderia;0;2;2;0;0;1;8;4;5;20,0;;;4;4;Sab;True
2026-07-04;Camareira;4;7;1;0;0;4;10;8;12;33,33333333333333;200,0;175,0;4;4;Sab;True
2026-07-04;Concierge;1;1;0;0;0;0;0;1;1;0,0;100,0;100,0;0;4;Sab;True
2026-07-04;Garçom;41;36;0;1;0;3;89;37;40;7,5;90,2439024390244;87,8048780487805;-4;4;Sab;True
2026-07-04;Guia de Férias;0;0;0;0;0;0;1;0;0;;;;0;4;Sab;True
2026-07-04;Monitor de Lazer e Recreação;4;3;1;0;0;0;1;4;4;0,0;100,0;75,0;0;4;Sab;True
2026-07-04;Operador de Lava-Jato;0;0;0;0;0;0;1;0;0;;;;0;4;Sab;True
2026-07-04;Recepcionista de Parques;9;9;0;0;0;1;6;9;10;10,0;100,0;100,0;0;4;Sab;True
2026-07-04;Roupeiro;1;2;1;0;0;0;2;3;3;0,0;300,0;200,0;2;4;Sab;True
2026-07-04;Vendedor Interno;0;2;0;0;0;0;1;2;2;0,0;;;2;4;Sab;True
2026-07-05;Atendente de Hotelaria;4;4;2;0;0;0;6;6;6;0,0;150,0;100,0;2;5;Dom;True
2026-07-05;Atendente de Parque;12;3;3;1;0;2;14;7;9;22,22222222222222;58,333333333333336;25,0;-5;5;Dom;True
2026-07-05;Atendente de Portaria;0;0;0;0;0;0;2;0;0;;;;0;5;Dom;True
2026-07-05;Aux. Serviços Gerais / Limpeza;14;9;2;0;0;2;8;11;13;15,384615384615385;78,57142857142857;64,28571428571429;-3;5;Dom;True
2026-07-05;Auxiliar de Cozinha;9;9;0;0;0;1;2;9;10;10,0;100,0;100,0;0;5;Dom;True
2026-07-05;Auxiliar de Lavanderia;0;5;0;0;0;0;8;5;5;0,0;;;5;5;Dom;True
2026-07-05;Camareira;4;7;1;0;0;4;10;8;12;33,33333333333333;200,0;175,0;4;5;Dom;True
2026-07-05;Concierge;1;0;1;0;0;0;0;1;1;0,0;100,0;0,0;0;5;Dom;True
2026-07-05;Garçom;41;27;1;3;0;6;92;31;37;16,216216216216218;75,60975609756098;65,85365853658537;-10;5;Dom;True
2026-07-05;Guia de Férias;0;0;0;0;0;0;1;0;0;;;;0;5;Dom;True
2026-07-05;Monitor de Lazer e Recreação;4;2;2;0;0;0;1;4;4;0,0;100,0;50,0;0;5;Dom;True
2026-07-05;Operador de Lava-Jato;0;0;0;0;0;0;1;0;0;;;;0;5;Dom;True
2026-07-05;Recepcionista de Parques;9;9;0;0;0;1;6;9;10;10,0;100,0;100,0;0;5;Dom;True
2026-07-05;Roupeiro;1;3;0;0;0;0;2;3;3;0,0;300,0;300,0;2;5;Dom;True
2026-07-05;Vendedor Interno;0;1;1;0;0;0;1;2;2;0,0;;;2;5;Dom;True
2026-07-06;Atendente de Hotelaria;4;5;1;0;0;0;6;6;6;0,0;150,0;125,0;2;6;Seg;False
2026-07-06;Atendente de Parque;12;8;0;0;0;1;14;8;9;11,11111111111111;66,66666666666666;66,66666666666666;-4;6;Seg;False
2026-07-06;Atendente de Portaria;0;0;0;0;0;0;2;0;0;;;;0;6;Seg;False
2026-07-06;Aux. Serviços Gerais / Limpeza;14;8;1;0;0;4;8;9;13;30,76923076923077;64,28571428571429;57,14285714285714;-5;6;Seg;False
2026-07-06;Auxiliar de Cozinha;9;7;2;0;0;1;2;9;10;10,0;100,0;77,77777777777779;0;6;Seg;False
2026-07-06;Auxiliar de Lavanderia;0;7;0;0;0;1;5;7;8;12,5;;;7;6;Seg;False
2026-07-06;Camareira;4;8;1;1;0;2;10;10;12;16,666666666666664;250,0;200,0;6;6;Seg;False
2026-07-06;Concierge;1;1;0;0;0;0;0;1;1;0,0;100,0;100,0;0;6;Seg;False
2026-07-06;Garçom;41;25;7;0;0;6;91;32;38;15,789473684210526;78,04878048780488;60,97560975609756;-9;6;Seg;False
2026-07-06;Guia de Férias;0;0;0;0;0;0;1;0;0;;;;0;6;Seg;False
2026-07-06;Monitor de Lazer e Recreação;7;3;0;0;0;1;1;3;4;25,0;42,857142857142854;42,857142857142854;-4;6;Seg;False
2026-07-06;Operador de Lava-Jato;0;0;0;0;0;0;1;0;0;;;;0;6;Seg;False
2026-07-06;Recepcionista de Parques;9;6;3;0;0;1;6;9;10;10,0;100,0;66,66666666666666;0;6;Seg;False
2026-07-06;Roupeiro;1;3;0;0;0;0;2;3;3;0,0;300,0;300,0;2;6;Seg;False
2026-07-06;Vendedor Interno;0;2;0;0;0;0;1;2;2;0,0;;;2;6;Seg;False
2026-07-07;Atendente de Hotelaria;4;4;1;0;0;1;6;5;6;16,666666666666664;125,0;100,0;1;7;Ter;False
2026-07-07;Atendente de Parque;12;5;4;0;0;2;12;9;11;18,181818181818183;75,0;41,66666666666667;-3;7;Ter;False
2026-07-07;Atendente de Portaria;0;0;0;0;0;0;2;0;0;;;;0;7;Ter;False
2026-07-07;Aux. Serviços Gerais / Limpeza;14;8;3;0;0;3;7;11;14;21,428571428571427;78,57142857142857;57,14285714285714;-3;7;Ter;False
2026-07-07;Auxiliar de Cozinha;9;4;6;0;0;0;2;10;10;0,0;111,11111111111111;44,44444444444444;1;7;Ter;False
2026-07-07;Auxiliar de Lavanderia;0;6;2;0;0;0;5;8;8;0,0;;;8;7;Ter;False
2026-07-07;Camareira;4;9;3;0;0;1;9;12;13;7,6923076923076925;300,0;225,0;8;7;Ter;False
2026-07-07;Concierge;1;1;0;0;0;0;0;1;1;0,0;100,0;100,0;0;7;Ter;False
2026-07-07;Garçom;41;26;9;0;0;2;92;35;37;5,405405405405405;85,36585365853658;63,41463414634146;-6;7;Ter;False
2026-07-07;Guia de Férias;0;0;0;0;0;0;1;0;0;;;;0;7;Ter;False
2026-07-07;Monitor de Lazer e Recreação;7;4;0;0;0;0;1;4;4;0,0;57,14285714285714;57,14285714285714;-3;7;Ter;False
2026-07-07;Operador de Lava-Jato;0;0;0;0;0;0;1;0;0;;;;0;7;Ter;False
2026-07-07;Recepcionista de Parques;9;7;2;0;0;1;6;9;10;10,0;100,0;77,77777777777779;0;7;Ter;False
2026-07-07;Roupeiro;0;3;0;0;0;0;2;3;3;0,0;;;3;7;Ter;False
2026-07-07;Vendedor Interno;0;1;1;0;0;0;1;2;2;0,0;;;2;7;Ter;False
2026-07-08;Atendente de Hotelaria;4;5;1;0;0;0;6;6;6;0,0;150,0;125,0;2;8;Qua;False
2026-07-08;Atendente de Parque;12;9;1;1;0;0;12;11;11;0,0;91,66666666666666;75,0;-1;8;Qua;False
2026-07-08;Atendente de Portaria;0;0;0;0;0;0;2;0;0;;;;0;8;Qua;False
2026-07-08;Aux. Serviços Gerais / Limpeza;14;8;2;0;0;4;7;10;14;28,57142857142857;71,42857142857143;57,14285714285714;-4;8;Qua;False
2026-07-08;Auxiliar de Cozinha;9;10;0;0;0;0;2;10;10;0,0;111,11111111111111;111,11111111111111;1;8;Qua;False
2026-07-08;Auxiliar de Lavanderia;0;8;1;0;0;0;4;9;9;0,0;;;9;8;Qua;False
2026-07-08;Camareira;4;9;2;0;0;2;9;11;13;15,384615384615385;275,0;225,0;7;8;Qua;False
2026-07-08;Concierge;1;1;0;0;0;0;0;1;1;0,0;100,0;100,0;0;8;Qua;False
2026-07-08;Garçom;41;26;8;0;0;4;91;34;38;10,526315789473683;82,92682926829268;63,41463414634146;-7;8;Qua;False
2026-07-08;Guia de Férias;0;0;0;0;0;0;1;0;0;;;;0;8;Qua;False
2026-07-08;Monitor de Lazer e Recreação;7;4;0;0;0;0;1;4;4;0,0;57,14285714285714;57,14285714285714;-3;8;Qua;False
2026-07-08;Operador de Lava-Jato;0;0;0;0;0;0;1;0;0;;;;0;8;Qua;False
2026-07-08;Recepcionista de Parques;9;7;2;0;0;1;6;9;10;10,0;100,0;77,77777777777779;0;8;Qua;False
2026-07-08;Roupeiro;0;1;2;0;0;0;2;3;3;0,0;;;3;8;Qua;False
2026-07-08;Vendedor Interno;0;1;1;0;0;0;1;2;2;0,0;;;2;8;Qua;False
2026-07-09;Atendente de Hotelaria;4;4;2;0;0;1;5;6;7;14,285714285714285;150,0;100,0;2;9;Qui;False
2026-07-09;Atendente de Parque;12;10;0;1;0;1;11;11;12;8,333333333333332;91,66666666666666;83,33333333333334;-1;9;Qui;False
2026-07-09;Atendente de Portaria;0;0;0;0;0;0;2;0;0;;;;0;9;Qui;False
2026-07-09;Aux. Serviços Gerais / Limpeza;14;8;1;0;0;6;6;9;15;40,0;64,28571428571429;57,14285714285714;-5;9;Qui;False
2026-07-09;Auxiliar de Cozinha;9;9;1;0;0;0;2;10;10;0,0;111,11111111111111;100,0;1;9;Qui;False
2026-07-09;Auxiliar de Lavanderia;0;8;0;0;0;1;4;8;9;11,11111111111111;;;8;9;Qui;False
2026-07-09;Camareira;4;11;2;0;0;0;9;13;13;0,0;325,0;275,0;9;9;Qui;False
2026-07-09;Concierge;1;1;0;0;0;0;0;1;1;0,0;100,0;100,0;0;9;Qui;False
2026-07-09;Garçom;41;31;6;0;1;3;88;38;41;7,317073170731707;92,6829268292683;75,60975609756098;-3;9;Qui;False
2026-07-09;Guia de Férias;0;1;0;0;0;0;0;1;1;0,0;;;1;9;Qui;False
2026-07-09;Monitor de Lazer e Recreação;7;2;1;0;0;1;1;3;4;25,0;42,857142857142854;28,57142857142857;-4;9;Qui;False
2026-07-09;Operador de Lava-Jato;0;0;0;0;0;0;1;0;0;;;;0;9;Qui;False
2026-07-09;Recepcionista de Parques;9;6;2;0;0;2;6;8;10;20,0;88,88888888888889;66,66666666666666;-1;9;Qui;False
2026-07-09;Roupeiro;0;1;2;0;0;0;2;3;3;0,0;;;3;9;Qui;False
2026-07-09;Vendedor Interno;0;2;0;0;0;0;1;2;2;0,0;;;2;9;Qui;False
2026-07-10;Atendente de Hotelaria;4;8;2;0;0;0;2;10;10;0,0;250,0;200,0;6;10;Sex;False
2026-07-10;Atendente de Parque;12;13;1;0;0;0;9;14;14;0,0;116,66666666666667;108,33333333333333;2;10;Sex;False
2026-07-10;Atendente de Portaria;0;0;0;0;0;0;2;0;0;;;;0;10;Sex;False
2026-07-10;Aux. Serviços Gerais / Limpeza;14;9;2;1;0;2;7;12;14;14,285714285714285;85,71428571428571;64,28571428571429;-2;10;Sex;False
2026-07-10;Auxiliar de Cozinha;9;10;0;0;0;0;2;10;10;0,0;111,11111111111111;111,11111111111111;1;10;Sex;False
2026-07-10;Auxiliar de Lavanderia;0;6;1;0;0;2;4;7;9;22,22222222222222;;;7;10;Sex;False
2026-07-10;Camareira;4;7;5;0;0;1;9;12;13;7,6923076923076925;300,0;175,0;8;10;Sex;False
2026-07-10;Concierge;1;0;1;0;0;0;0;1;1;0,0;100,0;0,0;0;10;Sex;False
2026-07-10;Garçom;41;38;0;1;0;2;88;39;41;4,878048780487805;95,1219512195122;92,6829268292683;-2;10;Sex;False
2026-07-10;Guia de Férias;0;1;0;0;0;0;0;1;1;0,0;;;1;10;Sex;False
2026-07-10;Monitor de Lazer e Recreação;7;3;1;0;0;0;1;4;4;0,0;57,14285714285714;42,857142857142854;-3;10;Sex;False
2026-07-10;Operador de Lava-Jato;0;0;0;0;0;0;1;0;0;;;;0;10;Sex;False
2026-07-10;Recepcionista de Parques;9;10;0;0;0;1;5;10;11;9,090909090909092;111,11111111111111;111,11111111111111;1;10;Sex;False
2026-07-10;Roupeiro;0;3;0;0;0;0;2;3;3;0,0;;;3;10;Sex;False
2026-07-10;Vendedor Interno;0;2;0;0;0;0;1;2;2;0,0;;;2;10;Sex;False
2026-07-11;Atendente de Hotelaria;4;9;1;0;0;0;2;10;10;0,0;250,0;225,0;6;11;Sab;True
2026-07-11;Atendente de Parque;12;9;4;0;0;1;9;13;14;7,142857142857142;108,33333333333333;75,0;1;11;Sab;True
2026-07-11;Atendente de Portaria;0;0;0;0;0;0;2;0;0;;;;0;11;Sab;True
2026-07-11;Aux. Serviços Gerais / Limpeza;14;10;2;1;0;2;6;13;15;13,333333333333334;92,85714285714286;71,42857142857143;-1;11;Sab;True
2026-07-11;Auxiliar de Cozinha;9;10;0;0;0;0;2;10;10;0,0;111,11111111111111;111,11111111111111;1;11;Sab;True
2026-07-11;Auxiliar de Lavanderia;0;6;3;0;0;0;4;9;9;0,0;;;9;11;Sab;True
2026-07-11;Camareira;4;6;5;0;0;2;9;11;13;15,384615384615385;275,0;150,0;7;11;Sab;True
2026-07-11;Concierge;1;1;0;0;0;0;0;1;1;0,0;100,0;100,0;0;11;Sab;True
2026-07-11;Garçom;41;34;1;1;0;4;89;36;40;10,0;87,8048780487805;82,92682926829268;-5;11;Sab;True
2026-07-11;Guia de Férias;0;0;1;0;0;0;0;1;1;0,0;;;1;11;Sab;True
2026-07-11;Monitor de Lazer e Recreação;7;4;0;0;0;0;1;4;4;0,0;57,14285714285714;57,14285714285714;-3;11;Sab;True
2026-07-11;Operador de Lava-Jato;0;0;0;0;0;0;1;0;0;;;;0;11;Sab;True
2026-07-11;Recepcionista de Parques;9;10;0;0;0;1;5;10;11;9,090909090909092;111,11111111111111;111,11111111111111;1;11;Sab;True
2026-07-11;Roupeiro;0;2;1;0;0;0;2;3;3;0,0;;;3;11;Sab;True
2026-07-11;Vendedor Interno;0;3;0;0;0;0;0;3;3;0,0;;;3;11;Sab;True
2026-07-12;Atendente de Hotelaria;4;8;0;0;0;2;2;8;10;20,0;200,0;200,0;4;12;Dom;True
2026-07-12;Atendente de Parque;12;8;2;0;0;4;9;10;14;28,57142857142857;83,33333333333334;66,66666666666666;-2;12;Dom;True
2026-07-12;Atendente de Portaria;0;0;0;0;0;0;2;0;0;;;;0;12;Dom;True
2026-07-12;Aux. Serviços Gerais / Limpeza;14;8;3;0;0;4;6;11;15;26,666666666666668;78,57142857142857;57,14285714285714;-3;12;Dom;True
2026-07-12;Auxiliar de Cozinha;9;10;0;0;0;0;2;10;10;0,0;111,11111111111111;111,11111111111111;1;12;Dom;True
2026-07-12;Auxiliar de Lavanderia;0;5;3;0;0;1;4;8;9;11,11111111111111;;;8;12;Dom;True
2026-07-12;Camareira;4;9;1;0;0;3;9;10;13;23,076923076923077;250,0;225,0;6;12;Dom;True
2026-07-12;Concierge;1;1;0;0;0;0;0;1;1;0,0;100,0;100,0;0;12;Dom;True
2026-07-12;Garçom;41;28;3;0;0;9;89;31;40;22,5;75,60975609756098;68,29268292682927;-10;12;Dom;True
2026-07-12;Guia de Férias;0;0;1;0;0;0;0;1;1;0,0;;;1;12;Dom;True
2026-07-12;Monitor de Lazer e Recreação;7;2;2;0;0;0;1;4;4;0,0;57,14285714285714;28,57142857142857;-3;12;Dom;True
2026-07-12;Operador de Lava-Jato;0;0;0;0;0;0;1;0;0;;;;0;12;Dom;True
2026-07-12;Recepcionista de Parques;13;9;0;0;0;2;5;9;11;18,181818181818183;69,23076923076923;69,23076923076923;-4;12;Dom;True
2026-07-12;Roupeiro;0;3;0;0;0;0;2;3;3;0,0;;;3;12;Dom;True
2026-07-12;Vendedor Interno;0;2;0;0;0;1;0;2;3;33,33333333333333;;;2;12;Dom;True
2026-07-13;Atendente de Hotelaria;4;6;2;0;0;2;2;8;10;20,0;200,0;150,0;4;13;Seg;False
2026-07-13;Atendente de Parque;12;9;3;0;0;3;8;12;15;20,0;100,0;75,0;0;13;Seg;False
2026-07-13;Atendente de Portaria;0;0;0;0;0;0;2;0;0;;;;0;13;Seg;False
2026-07-13;Aux. Serviços Gerais / Limpeza;14;9;3;0;0;3;6;12;15;20,0;85,71428571428571;64,28571428571429;-2;13;Seg;False
2026-07-13;Auxiliar de Cozinha;9;6;4;0;0;0;2;10;10;0,0;111,11111111111111;66,66666666666666;1;13;Seg;False
2026-07-13;Auxiliar de Lavanderia;0;8;1;0;0;0;4;9;9;0,0;;;9;13;Seg;False
2026-07-13;Camareira;4;11;1;0;0;1;9;12;13;7,6923076923076925;300,0;275,0;8;13;Seg;False
2026-07-13;Concierge;1;1;0;0;0;0;0;1;1;0,0;100,0;100,0;0;13;Seg;False
2026-07-13;Garçom;41;22;10;0;1;8;88;33;41;19,51219512195122;80,48780487804879;53,65853658536586;-8;13;Seg;False
2026-07-13;Guia de Férias;0;1;0;0;0;0;0;1;1;0,0;;;1;13;Seg;False
2026-07-13;Monitor de Lazer e Recreação;7;4;0;0;0;0;1;4;4;0,0;57,14285714285714;57,14285714285714;-3;13;Seg;False
2026-07-13;Operador de Lava-Jato;0;0;0;0;0;0;1;0;0;;;;0;13;Seg;False
2026-07-13;Recepcionista de Parques;13;8;2;0;0;1;5;10;11;9,090909090909092;76,92307692307693;61,53846153846154;-3;13;Seg;False
2026-07-13;Roupeiro;0;4;0;0;0;0;1;4;4;0,0;;;4;13;Seg;False
2026-07-13;Vendedor Interno;0;3;0;0;0;0;0;3;3;0,0;;;3;13;Seg;False
2026-07-14;Atendente de Hotelaria;4;6;3;0;0;1;2;9;10;10,0;225,0;150,0;5;14;Ter;False
2026-07-14;Atendente de Parque;12;11;2;0;0;2;8;13;15;13,333333333333334;108,33333333333333;91,66666666666666;1;14;Ter;False
2026-07-14;Atendente de Portaria;0;0;0;0;0;0;2;0;0;;;;0;14;Ter;False
2026-07-14;Aux. Serviços Gerais / Limpeza;14;9;2;0;0;4;6;11;15;26,666666666666668;78,57142857142857;64,28571428571429;-3;14;Ter;False
2026-07-14;Auxiliar de Cozinha;9;6;4;0;0;0;2;10;10;0,0;111,11111111111111;66,66666666666666;1;14;Ter;False
2026-07-14;Auxiliar de Lavanderia;0;7;2;0;0;0;4;9;9;0,0;;;9;14;Ter;False
2026-07-14;Camareira;4;4;7;1;0;0;10;12;12;0,0;300,0;100,0;8;14;Ter;False
2026-07-14;Concierge;1;0;1;0;0;0;0;1;1;0,0;100,0;0,0;0;14;Ter;False
2026-07-14;Garçom;41;26;10;0;0;5;88;36;41;12,195121951219512;87,8048780487805;63,41463414634146;-5;14;Ter;False
2026-07-14;Guia de Férias;0;1;0;0;0;0;0;1;1;0,0;;;1;14;Ter;False
2026-07-14;Monitor de Lazer e Recreação;7;4;0;0;0;0;1;4;4;0,0;57,14285714285714;57,14285714285714;-3;14;Ter;False
2026-07-14;Operador de Lava-Jato;0;0;0;0;0;0;1;0;0;;;;0;14;Ter;False
2026-07-14;Recepcionista de Parques;13;8;2;0;0;1;5;10;11;9,090909090909092;76,92307692307693;61,53846153846154;-3;14;Ter;False
2026-07-14;Roupeiro;0;3;1;0;0;0;1;4;4;0,0;;;4;14;Ter;False
2026-07-14;Vendedor Interno;0;2;1;0;0;0;0;3;3;0,0;;;3;14;Ter;False
2026-07-15;Atendente de Hotelaria;5;6;3;0;0;1;2;9;10;10,0;180,0;120,0;4;15;Qua;False
2026-07-15;Atendente de Parque;12;11;2;1;0;2;7;14;16;12,5;116,66666666666667;91,66666666666666;2;15;Qua;False
2026-07-15;Atendente de Portaria;0;0;0;0;0;0;2;0;0;;;;0;15;Qua;False
2026-07-15;Aux. Serviços Gerais / Limpeza;14;11;1;0;0;3;6;12;15;20,0;85,71428571428571;78,57142857142857;-2;15;Qua;False
2026-07-15;Auxiliar de Cozinha;9;10;0;0;0;0;2;10;10;0,0;111,11111111111111;111,11111111111111;1;15;Qua;False
2026-07-15;Auxiliar de Lavanderia;0;5;4;0;0;0;4;9;9;0,0;;;9;15;Qua;False
2026-07-15;Camareira;4;4;6;0;2;0;10;12;12;0,0;300,0;100,0;8;15;Qua;False
2026-07-15;Concierge;1;1;0;0;0;0;0;1;1;0,0;100,0;100,0;0;15;Qua;False
2026-07-15;Garçom;41;30;4;1;1;6;87;36;42;14,285714285714285;87,8048780487805;73,17073170731707;-5;15;Qua;False
2026-07-15;Guia de Férias;0;1;0;0;0;0;0;1;1;0,0;;;1;15;Qua;False
2026-07-15;Monitor de Lazer e Recreação;7;3;1;0;0;0;1;4;4;0,0;57,14285714285714;42,857142857142854;-3;15;Qua;False
2026-07-15;Operador de Lava-Jato;0;0;0;0;0;0;1;0;0;;;;0;15;Qua;False
2026-07-15;Recepcionista de Parques;13;6;3;1;0;1;5;10;11;9,090909090909092;76,92307692307693;46,15384615384615;-3;15;Qua;False
2026-07-15;Roupeiro;0;3;1;0;0;0;1;4;4;0,0;;;4;15;Qua;False
2026-07-15;Vendedor Interno;0;2;1;0;0;0;0;3;3;0,0;;;3;15;Qua;False
2026-07-16;Atendente de Hotelaria;5;4;5;0;0;1;2;9;10;10,0;180,0;80,0;4;16;Qui;False
2026-07-16;Atendente de Parque;12;11;2;1;0;2;7;14;16;12,5;116,66666666666667;91,66666666666666;2;16;Qui;False
2026-07-16;Atendente de Portaria;0;1;0;0;0;0;1;1;1;0,0;;;1;16;Qui;False
2026-07-16;Aux. Serviços Gerais / Limpeza;14;11;2;0;0;3;5;13;16;18,75;92,85714285714286;78,57142857142857;-1;16;Qui;False
2026-07-16;Auxiliar de Cozinha;9;8;2;0;0;0;2;10;10;0,0;111,11111111111111;88,88888888888889;1;16;Qui;False
2026-07-16;Auxiliar de Lavanderia;0;5;3;0;0;1;4;8;9;11,11111111111111;;;8;16;Qui;False
2026-07-16;Camareira;4;7;1;0;0;3;11;8;11;27,27272727272727;200,0;175,0;4;16;Qui;False
2026-07-16;Concierge;1;1;0;0;0;0;0;1;1;0,0;100,0;100,0;0;16;Qui;False
2026-07-16;Garçom;41;26;7;0;0;9;87;33;42;21,428571428571427;80,48780487804879;63,41463414634146;-8;16;Qui;False
2026-07-16;Guia de Férias;0;1;0;0;0;0;0;1;1;0,0;;;1;16;Qui;False
2026-07-16;Monitor de Lazer e Recreação;7;4;1;0;0;0;0;5;5;0,0;71,42857142857143;57,14285714285714;-2;16;Qui;False
2026-07-16;Operador de Lava-Jato;0;0;0;0;0;0;1;0;0;;;;0;16;Qui;False
2026-07-16;Recepcionista de Parques;13;6;3;1;0;2;4;10;12;16,666666666666664;76,92307692307693;46,15384615384615;-3;16;Qui;False
2026-07-16;Roupeiro;0;2;2;0;0;0;1;4;4;0,0;;;4;16;Qui;False
2026-07-16;Vendedor Interno;0;3;0;0;0;0;0;3;3;0,0;;;3;16;Qui;False
2026-07-17;Atendente de Hotelaria;5;5;4;0;0;0;3;9;9;0,0;180,0;100,0;4;17;Sex;False
2026-07-17;Atendente de Parque;12;9;3;1;0;3;7;13;16;18,75;108,33333333333333;75,0;1;17;Sex;False
2026-07-17;Atendente de Portaria;0;0;1;0;0;0;1;1;1;0,0;;;1;17;Sex;False
2026-07-17;Aux. Serviços Gerais / Limpeza;14;8;3;0;0;5;5;11;16;31,25;78,57142857142857;57,14285714285714;-3;17;Sex;False
2026-07-17;Auxiliar de Cozinha;9;9;1;0;0;0;2;10;10;0,0;111,11111111111111;100,0;1;17;Sex;False
2026-07-17;Auxiliar de Lavanderia;0;8;0;0;1;0;4;9;9;0,0;;;9;17;Sex;False
2026-07-17;Camareira;4;11;0;0;0;2;9;11;13;15,384615384615385;275,0;275,0;7;17;Sex;False
2026-07-17;Concierge;1;1;0;0;0;0;0;1;1;0,0;100,0;100,0;0;17;Sex;False
2026-07-17;Garçom;41;35;0;0;0;6;88;35;41;14,634146341463413;85,36585365853658;85,36585365853658;-6;17;Sex;False
2026-07-17;Guia de Férias;0;1;0;0;0;0;0;1;1;0,0;;;1;17;Sex;False
2026-07-17;Monitor de Lazer e Recreação;7;3;1;0;0;0;1;4;4;0,0;57,14285714285714;42,857142857142854;-3;17;Sex;False
2026-07-17;Operador de Lava-Jato;0;0;0;0;0;0;1;0;0;;;;0;17;Sex;False
2026-07-17;Recepcionista de Parques;13;9;0;1;0;2;4;10;12;16,666666666666664;76,92307692307693;69,23076923076923;-3;17;Sex;False
2026-07-17;Roupeiro;0;2;2;0;0;0;1;4;4;0,0;;;4;17;Sex;False
2026-07-17;Vendedor Interno;0;2;1;0;0;0;0;3;3;0,0;;;3;17;Sex;False
2026-07-18;Atendente de Hotelaria;5;5;2;1;0;1;3;8;9;11,11111111111111;160,0;100,0;3;18;Sab;True
2026-07-18;Atendente de Parque;12;6;2;2;0;6;7;10;16;37,5;83,33333333333334;50,0;-2;18;Sab;True
2026-07-18;Atendente de Portaria;0;2;0;0;0;0;0;2;2;0,0;;;2;18;Sab;True
2026-07-18;Aux. Serviços Gerais / Limpeza;14;8;3;0;0;5;5;11;16;31,25;78,57142857142857;57,14285714285714;-3;18;Sab;True
2026-07-18;Auxiliar de Cozinha;9;9;0;0;0;1;2;9;10;10,0;100,0;100,0;0;18;Sab;True
2026-07-18;Auxiliar de Lavanderia;2;7;1;0;0;1;4;8;9;11,11111111111111;400,0;350,0;6;18;Sab;True
2026-07-18;Camareira;4;9;1;0;0;3;9;10;13;23,076923076923077;250,0;225,0;6;18;Sab;True
2026-07-18;Concierge;1;1;0;0;0;0;0;1;1;0,0;100,0;100,0;0;18;Sab;True
2026-07-18;Garçom;41;29;3;1;0;7;89;33;40;17,5;80,48780487804879;70,73170731707317;-8;18;Sab;True
2026-07-18;Guia de Férias;1;0;1;0;0;0;0;1;1;0,0;100,0;0,0;0;18;Sab;True
2026-07-18;Monitor de Lazer e Recreação;7;4;0;0;0;0;1;4;4;0,0;57,14285714285714;57,14285714285714;-3;18;Sab;True
2026-07-18;Operador de Lava-Jato;0;0;0;0;0;0;1;0;0;;;;0;18;Sab;True
2026-07-18;Recepcionista de Parques;13;10;0;0;0;2;4;10;12;16,666666666666664;76,92307692307693;76,92307692307693;-3;18;Sab;True
2026-07-18;Roupeiro;0;3;1;0;0;0;1;4;4;0,0;;;4;18;Sab;True
2026-07-18;Vendedor Interno;0;3;0;0;0;0;0;3;3;0,0;;;3;18;Sab;True
2026-07-19;Atendente de Hotelaria;5;6;0;1;0;2;3;7;9;22,22222222222222;140,0;120,0;2;19;Dom;True
2026-07-19;Atendente de Parque;12;8;2;2;1;3;7;13;16;18,75;108,33333333333333;66,66666666666666;1;19;Dom;True
2026-07-19;Atendente de Portaria;0;1;1;0;0;0;0;2;2;0,0;;;2;19;Dom;True
2026-07-19;Aux. Serviços Gerais / Limpeza;13;8;1;0;1;6;5;10;16;37,5;76,92307692307693;61,53846153846154;-3;19;Dom;True
2026-07-19;Auxiliar de Cozinha;9;10;0;0;0;0;2;10;10;0,0;111,11111111111111;111,11111111111111;1;19;Dom;True
2026-07-19;Auxiliar de Lavanderia;2;6;3;0;0;0;4;9;9;0,0;450,0;300,0;7;19;Dom;True
2026-07-19;Camareira;4;8;1;0;0;4;9;9;13;30,76923076923077;225,0;200,0;5;19;Dom;True
2026-07-19;Concierge;1;0;1;0;0;0;0;1;1;0,0;100,0;0,0;0;19;Dom;True
2026-07-19;Garçom;41;26;3;1;0;10;89;30;40;25,0;73,17073170731707;63,41463414634146;-11;19;Dom;True
2026-07-19;Guia de Férias;1;0;1;0;0;0;0;1;1;0,0;100,0;0,0;0;19;Dom;True
2026-07-19;Monitor de Lazer e Recreação;7;2;2;0;0;0;1;4;4;0,0;57,14285714285714;28,57142857142857;-3;19;Dom;True
2026-07-19;Operador de Lava-Jato;0;0;0;0;0;0;1;0;0;;;;0;19;Dom;True
2026-07-19;Recepcionista de Parques;13;10;0;0;0;2;4;10;12;16,666666666666664;76,92307692307693;76,92307692307693;-3;19;Dom;True
2026-07-19;Roupeiro;0;3;1;0;0;0;1;4;4;0,0;;;4;19;Dom;True
2026-07-19;Vendedor Interno;0;3;0;0;0;0;0;3;3;0,0;;;3;19;Dom;True
2026-07-20;Atendente de Hotelaria;5;6;0;1;0;2;3;7;9;22,22222222222222;140,0;120,0;2;20;Seg;False
2026-07-20;Atendente de Parque;12;8;2;2;0;4;7;12;16;25,0;100,0;66,66666666666666;0;20;Seg;False
2026-07-20;Atendente de Portaria;2;1;1;0;0;0;0;2;2;0,0;100,0;50,0;0;20;Seg;False
2026-07-20;Aux. Serviços Gerais / Limpeza;13;10;2;0;0;5;4;12;17;29,411764705882355;92,3076923076923;76,92307692307693;-1;20;Seg;False
2026-07-20;Auxiliar de Cozinha;9;5;4;0;0;2;1;9;11;18,181818181818183;100,0;55,55555555555556;0;20;Seg;False
2026-07-20;Auxiliar de Lavanderia;2;5;3;0;0;1;4;8;9;11,11111111111111;400,0;250,0;6;20;Seg;False
2026-07-20;Camareira;4;8;2;0;0;3;9;10;13;23,076923076923077;250,0;200,0;6;20;Seg;False
2026-07-20;Concierge;1;1;0;0;0;0;0;1;1;0,0;100,0;100,0;0;20;Seg;False
2026-07-20;Garçom;41;23;11;1;0;5;89;35;40;12,5;85,36585365853658;56,09756097560976;-6;20;Seg;False
2026-07-20;Guia de Férias;1;1;0;0;0;0;0;1;1;0,0;100,0;100,0;0;20;Seg;False
2026-07-20;Monitor de Lazer e Recreação;7;4;0;0;0;0;1;4;4;0,0;57,14285714285714;57,14285714285714;-3;20;Seg;False
2026-07-20;Operador de Lava-Jato;0;0;0;0;0;0;1;0;0;;;;0;20;Seg;False
2026-07-20;Recepcionista de Parques;13;7;2;0;0;3;4;9;12;25,0;69,23076923076923;53,84615384615385;-4;20;Seg;False
2026-07-20;Roupeiro;0;3;1;0;0;0;1;4;4;0,0;;;4;20;Seg;False
2026-07-20;Vendedor Interno;1;3;0;0;0;0;0;3;3;0,0;300,0;300,0;2;20;Seg;False
2026-07-21;Atendente de Hotelaria;5;7;1;1;0;1;2;9;10;10,0;180,0;140,0;4;21;Ter;False
2026-07-21;Atendente de Parque;12;11;1;1;0;5;5;13;18;27,77777777777778;108,33333333333333;91,66666666666666;1;21;Ter;False
2026-07-21;Atendente de Portaria;2;1;1;0;0;0;0;2;2;0,0;100,0;50,0;0;21;Ter;False
2026-07-21;Aux. Serviços Gerais / Limpeza;13;9;3;0;0;4;5;12;16;25,0;92,3076923076923;69,23076923076923;-1;21;Ter;False
2026-07-21;Auxiliar de Cozinha;9;7;3;0;0;0;2;10;10;0,0;111,11111111111111;77,77777777777779;1;21;Ter;False
2026-07-21;Auxiliar de Lavanderia;2;6;3;0;0;0;4;9;9;0,0;450,0;300,0;7;21;Ter;False
2026-07-21;Camareira;4;7;2;0;0;4;9;9;13;30,76923076923077;225,0;175,0;5;21;Ter;False
2026-07-21;Concierge;1;1;0;0;0;0;0;1;1;0,0;100,0;100,0;0;21;Ter;False
2026-07-21;Garçom;41;23;8;1;0;8;89;32;40;20,0;78,04878048780488;56,09756097560976;-9;21;Ter;False
2026-07-21;Guia de Férias;1;1;0;0;0;0;0;1;1;0,0;100,0;100,0;0;21;Ter;False
2026-07-21;Monitor de Lazer e Recreação;7;3;1;0;0;0;1;4;4;0,0;57,14285714285714;42,857142857142854;-3;21;Ter;False
2026-07-21;Operador de Lava-Jato;0;1;0;0;0;0;0;1;1;0,0;;;1;21;Ter;False
2026-07-21;Recepcionista de Parques;13;9;3;0;0;2;2;12;14;14,285714285714285;92,3076923076923;69,23076923076923;-1;21;Ter;False
2026-07-21;Roupeiro;0;2;0;0;0;0;3;2;2;0,0;;;2;21;Ter;False
2026-07-21;Vendedor Interno;1;2;1;0;0;0;0;3;3;0,0;300,0;200,0;2;21;Ter;False
2026-07-22;Atendente de Hotelaria;5;7;1;0;0;1;3;8;9;11,11111111111111;160,0;140,0;3;22;Qua;False
2026-07-22;Atendente de Parque;12;12;2;1;0;5;3;15;20;25,0;125,0;100,0;3;22;Qua;False
2026-07-22;Atendente de Portaria;2;1;1;0;0;0;0;2;2;0,0;100,0;50,0;0;22;Qua;False
2026-07-22;Aux. Serviços Gerais / Limpeza;13;8;1;0;0;6;6;9;15;40,0;69,23076923076923;61,53846153846154;-4;22;Qua;False
2026-07-22;Auxiliar de Cozinha;9;9;1;0;0;0;2;10;10;0,0;111,11111111111111;100,0;1;22;Qua;False
2026-07-22;Auxiliar de Lavanderia;2;8;1;0;0;0;4;9;9;0,0;450,0;400,0;7;22;Qua;False
2026-07-22;Camareira;4;6;4;1;0;3;8;11;14;21,428571428571427;275,0;150,0;7;22;Qua;False
2026-07-22;Concierge;1;1;0;0;0;0;0;1;1;0,0;100,0;100,0;0;22;Qua;False
2026-07-22;Garçom;41;18;6;2;0;12;91;26;38;31,57894736842105;63,41463414634146;43,90243902439025;-15;22;Qua;False
2026-07-22;Guia de Férias;1;1;0;0;0;0;0;1;1;0,0;100,0;100,0;0;22;Qua;False
2026-07-22;Monitor de Lazer e Recreação;7;3;1;0;0;0;1;4;4;0,0;57,14285714285714;42,857142857142854;-3;22;Qua;False
2026-07-22;Operador de Lava-Jato;0;0;1;0;0;0;0;1;1;0,0;;;1;22;Qua;False
2026-07-22;Recepcionista de Parques;13;11;2;0;0;2;1;13;15;13,333333333333334;100,0;84,61538461538461;0;22;Qua;False
2026-07-22;Roupeiro;0;2;0;0;0;0;3;2;2;0,0;;;2;22;Qua;False
2026-07-22;Vendedor Interno;1;2;1;0;0;0;0;3;3;0,0;300,0;200,0;2;22;Qua;False
2026-07-23;Atendente de Hotelaria;5;5;3;1;0;0;3;9;9;0,0;180,0;100,0;4;23;Qui;False
2026-07-23;Atendente de Parque;12;10;3;1;0;6;3;14;20;30,0;116,66666666666667;83,33333333333334;2;23;Qui;False
2026-07-23;Atendente de Portaria;2;0;1;0;0;1;0;1;2;50,0;50,0;0,0;-1;23;Qui;False
2026-07-23;Aux. Serviços Gerais / Limpeza;13;8;1;0;0;6;6;9;15;40,0;69,23076923076923;61,53846153846154;-4;23;Qui;False
2026-07-23;Auxiliar de Cozinha;9;8;2;0;0;0;2;10;10;0,0;111,11111111111111;88,88888888888889;1;23;Qui;False
2026-07-23;Auxiliar de Lavanderia;2;6;2;0;0;1;4;8;9;11,11111111111111;400,0;300,0;6;23;Qui;False
2026-07-23;Camareira;4;5;7;0;0;3;7;12;15;20,0;300,0;125,0;8;23;Qui;False
2026-07-23;Concierge;1;0;1;0;0;0;0;1;1;0,0;100,0;0,0;0;23;Qui;False
2026-07-23;Garçom;41;22;8;2;0;6;91;32;38;15,789473684210526;78,04878048780488;53,65853658536586;-9;23;Qui;False
2026-07-23;Guia de Férias;1;1;0;0;0;0;0;1;1;0,0;100,0;100,0;0;23;Qui;False
2026-07-23;Monitor de Lazer e Recreação;7;4;0;0;0;0;1;4;4;0,0;57,14285714285714;57,14285714285714;-3;23;Qui;False
2026-07-23;Operador de Lava-Jato;0;1;0;0;0;0;0;1;1;0,0;;;1;23;Qui;False
2026-07-23;Recepcionista de Parques;13;9;3;1;0;1;2;13;14;7,142857142857142;100,0;69,23076923076923;0;23;Qui;False
2026-07-23;Roupeiro;0;2;0;0;0;0;3;2;2;0,0;;;2;23;Qui;False
2026-07-23;Vendedor Interno;1;3;0;0;0;0;0;3;3;0,0;300,0;300,0;2;23;Qui;False
2026-07-24;Atendente de Hotelaria;5;4;4;1;0;0;3;9;9;0,0;180,0;80,0;4;24;Sex;False
2026-07-24;Atendente de Parque;12;12;2;2;0;4;3;16;20;20,0;133,33333333333331;100,0;4;24;Sex;False
2026-07-24;Atendente de Portaria;2;1;1;0;0;0;0;2;2;0,0;100,0;50,0;0;24;Sex;False
2026-07-24;Aux. Serviços Gerais / Limpeza;13;8;3;0;0;4;6;11;15;26,666666666666668;84,61538461538461;61,53846153846154;-2;24;Sex;False
2026-07-24;Auxiliar de Cozinha;9;10;0;0;0;0;2;10;10;0,0;111,11111111111111;111,11111111111111;1;24;Sex;False
2026-07-24;Auxiliar de Lavanderia;2;8;2;0;0;0;3;10;10;0,0;500,0;400,0;8;24;Sex;False
2026-07-24;Camareira;4;10;3;0;0;2;7;13;15;13,333333333333334;325,0;250,0;9;24;Sex;False
2026-07-24;Concierge;1;1;0;0;0;0;0;1;1;0,0;100,0;100,0;0;24;Sex;False
2026-07-24;Garçom;41;24;2;3;0;8;92;29;37;21,62162162162162;70,73170731707317;58,536585365853654;-12;24;Sex;False
2026-07-24;Guia de Férias;1;1;0;0;0;0;0;1;1;0,0;100,0;100,0;0;24;Sex;False
2026-07-24;Monitor de Lazer e Recreação;7;4;0;0;0;0;1;4;4;0,0;57,14285714285714;57,14285714285714;-3;24;Sex;False
2026-07-24;Operador de Lava-Jato;0;0;1;0;0;0;0;1;1;0,0;;;1;24;Sex;False
2026-07-24;Recepcionista de Parques;13;13;0;0;0;1;2;13;14;7,142857142857142;100,0;100,0;0;24;Sex;False
2026-07-24;Roupeiro;0;2;0;0;0;0;3;2;2;0,0;;;2;24;Sex;False
2026-07-24;Vendedor Interno;1;2;1;0;0;0;0;3;3;0,0;300,0;200,0;2;24;Sex;False
2026-07-25;Atendente de Hotelaria;5;5;3;1;0;0;3;9;9;0,0;180,0;100,0;4;25;Sab;True
2026-07-25;Atendente de Parque;12;11;1;2;0;5;4;14;19;26,31578947368421;116,66666666666667;91,66666666666666;2;25;Sab;True
2026-07-25;Atendente de Portaria;2;1;1;0;0;0;0;2;2;0,0;100,0;50,0;0;25;Sab;True
2026-07-25;Aux. Serviços Gerais / Limpeza;13;8;2;0;0;5;6;10;15;33,33333333333333;76,92307692307693;61,53846153846154;-3;25;Sab;True
2026-07-25;Auxiliar de Cozinha;9;9;0;1;0;0;2;10;10;0,0;111,11111111111111;100,0;1;25;Sab;True
2026-07-25;Auxiliar de Lavanderia;2;9;1;0;0;0;3;10;10;0,0;500,0;450,0;8;25;Sab;True
2026-07-25;Camareira;4;13;0;0;0;2;7;13;15;13,333333333333334;325,0;325,0;9;25;Sab;True
2026-07-25;Concierge;1;1;0;0;0;0;0;1;1;0,0;100,0;100,0;0;25;Sab;True
2026-07-25;Garçom;41;32;2;2;0;9;84;36;45;20,0;87,8048780487805;78,04878048780488;-5;25;Sab;True
2026-07-25;Guia de Férias;1;0;1;0;0;0;0;1;1;0,0;100,0;0,0;0;25;Sab;True
2026-07-25;Monitor de Lazer e Recreação;7;2;2;0;0;0;1;4;4;0,0;57,14285714285714;28,57142857142857;-3;25;Sab;True
2026-07-25;Operador de Lava-Jato;0;1;0;0;0;0;0;1;1;0,0;;;1;25;Sab;True
2026-07-25;Recepcionista de Parques;13;12;0;0;0;1;3;12;13;7,6923076923076925;92,3076923076923;92,3076923076923;-1;25;Sab;True
2026-07-25;Roupeiro;0;1;1;0;0;0;3;2;2;0,0;;;2;25;Sab;True
2026-07-25;Vendedor Interno;1;3;0;0;0;0;0;3;3;0,0;300,0;300,0;2;25;Sab;True
2026-07-26;Atendente de Hotelaria;5;6;2;0;0;1;3;8;9;11,11111111111111;160,0;120,0;3;26;Dom;True
2026-07-26;Atendente de Parque;12;12;1;1;0;5;4;14;19;26,31578947368421;116,66666666666667;100,0;2;26;Dom;True
2026-07-26;Atendente de Portaria;2;1;1;0;0;0;0;2;2;0,0;100,0;50,0;0;26;Dom;True
2026-07-26;Aux. Serviços Gerais / Limpeza;13;6;4;0;0;5;6;10;15;33,33333333333333;76,92307692307693;46,15384615384615;-3;26;Dom;True
2026-07-26;Auxiliar de Cozinha;9;10;0;0;0;0;2;10;10;0,0;111,11111111111111;111,11111111111111;1;26;Dom;True
2026-07-26;Auxiliar de Lavanderia;2;6;2;0;0;2;3;8;10;20,0;400,0;300,0;6;26;Dom;True
2026-07-26;Camareira;4;10;1;0;0;4;7;11;15;26,666666666666668;275,0;250,0;7;26;Dom;True
2026-07-26;Concierge;1;1;0;0;0;0;0;1;1;0,0;100,0;100,0;0;26;Dom;True
2026-07-26;Garçom;41;26;2;3;0;11;87;31;42;26,190476190476193;75,60975609756098;63,41463414634146;-10;26;Dom;True
2026-07-26;Guia de Férias;1;0;1;0;0;0;0;1;1;0,0;100,0;0,0;0;26;Dom;True
2026-07-26;Monitor de Lazer e Recreação;7;1;3;0;0;0;1;4;4;0,0;57,14285714285714;14,285714285714285;-3;26;Dom;True
2026-07-26;Operador de Lava-Jato;0;0;1;0;0;0;0;1;1;0,0;;;1;26;Dom;True
2026-07-26;Recepcionista de Parques;13;9;0;1;0;3;3;10;13;23,076923076923077;76,92307692307693;69,23076923076923;-3;26;Dom;True
2026-07-26;Roupeiro;0;1;1;0;0;0;3;2;2;0,0;;;2;26;Dom;True
2026-07-26;Vendedor Interno;1;3;0;0;0;0;0;3;3;0,0;300,0;300,0;2;26;Dom;True
2026-07-27;Atendente de Hotelaria;5;8;0;0;0;1;3;8;9;11,11111111111111;160,0;160,0;3;27;Seg;False
2026-07-27;Atendente de Parque;12;10;3;0;0;6;4;13;19;31,57894736842105;108,33333333333333;83,33333333333334;1;27;Seg;False
2026-07-27;Atendente de Portaria;2;0;1;1;0;0;0;2;2;0,0;100,0;0,0;0;27;Seg;False
2026-07-27;Aux. Serviços Gerais / Limpeza;13;10;0;0;0;5;6;10;15;33,33333333333333;76,92307692307693;76,92307692307693;-3;27;Seg;False
2026-07-27;Auxiliar de Cozinha;9;5;4;0;0;1;2;9;10;10,0;100,0;55,55555555555556;0;27;Seg;False
2026-07-27;Auxiliar de Lavanderia;2;5;4;0;0;1;3;9;10;10,0;450,0;250,0;7;27;Seg;False
2026-07-27;Camareira;4;12;1;0;0;3;6;13;16;18,75;325,0;300,0;9;27;Seg;False
2026-07-27;Concierge;1;0;1;0;0;0;0;1;1;0,0;100,0;0,0;0;27;Seg;False
2026-07-27;Garçom;41;27;5;2;0;10;85;34;44;22,727272727272727;82,92682926829268;65,85365853658537;-7;27;Seg;False
2026-07-27;Guia de Férias;1;1;0;0;0;0;0;1;1;0,0;100,0;100,0;0;27;Seg;False
2026-07-27;Monitor de Lazer e Recreação;7;3;1;0;0;0;1;4;4;0,0;57,14285714285714;42,857142857142854;-3;27;Seg;False
2026-07-27;Operador de Lava-Jato;0;1;0;0;0;0;0;1;1;0,0;;;1;27;Seg;False
2026-07-27;Recepcionista de Parques;13;8;4;0;0;1;3;12;13;7,6923076923076925;92,3076923076923;61,53846153846154;-1;27;Seg;False
2026-07-27;Roupeiro;0;0;2;0;0;0;3;2;2;0,0;;;2;27;Seg;False
2026-07-27;Vendedor Interno;1;3;0;0;0;0;0;3;3;0,0;300,0;300,0;2;27;Seg;False
2026-07-28;Atendente de Hotelaria;5;9;0;0;0;0;3;9;9;0,0;180,0;180,0;4;28;Ter;False
2026-07-28;Atendente de Parque;12;13;4;0;0;3;3;17;20;15,0;141,66666666666669;108,33333333333333;5;28;Ter;False
2026-07-28;Atendente de Portaria;2;1;1;0;0;0;0;2;2;0,0;100,0;50,0;0;28;Ter;False
2026-07-28;Aux. Serviços Gerais / Limpeza;13;7;2;0;0;6;6;9;15;40,0;69,23076923076923;53,84615384615385;-4;28;Ter;False
2026-07-28;Auxiliar de Cozinha;9;6;3;1;0;0;2;10;10;0,0;111,11111111111111;66,66666666666666;1;28;Ter;False
2026-07-28;Auxiliar de Lavanderia;2;3;5;0;0;1;4;8;9;11,11111111111111;400,0;150,0;6;28;Ter;False
2026-07-28;Camareira;4;8;4;0;0;4;6;12;16;25,0;300,0;200,0;8;28;Ter;False
2026-07-28;Concierge;1;1;0;0;0;0;0;1;1;0,0;100,0;100,0;0;28;Ter;False
2026-07-28;Garçom;41;28;8;2;0;12;79;38;50;24,0;92,6829268292683;68,29268292682927;-3;28;Ter;False
2026-07-28;Guia de Férias;1;1;0;0;0;0;0;1;1;0,0;100,0;100,0;0;28;Ter;False
2026-07-28;Monitor de Lazer e Recreação;7;2;1;0;0;1;1;3;4;25,0;42,857142857142854;28,57142857142857;-4;28;Ter;False
2026-07-28;Operador de Lava-Jato;0;0;1;0;0;0;0;1;1;0,0;;;1;28;Ter;False
2026-07-28;Recepcionista de Parques;13;10;2;0;0;1;3;12;13;7,6923076923076925;92,3076923076923;76,92307692307693;-1;28;Ter;False
2026-07-28;Roupeiro;0;1;1;0;0;0;3;2;2;0,0;;;2;28;Ter;False
2026-07-28;Vendedor Interno;1;2;1;0;0;0;0;3;3;0,0;300,0;200,0;2;28;Ter;False
2026-07-29;Atendente de Hotelaria;5;7;2;0;0;0;3;9;9;0,0;180,0;140,0;4;29;Qua;False
2026-07-29;Atendente de Parque;12;11;3;0;0;5;4;14;19;26,31578947368421;116,66666666666667;91,66666666666666;2;29;Qua;False
2026-07-29;Atendente de Portaria;2;1;1;0;0;0;0;2;2;0,0;100,0;50,0;0;29;Qua;False
2026-07-29;Aux. Serviços Gerais / Limpeza;13;8;1;0;0;4;8;9;13;30,76923076923077;69,23076923076923;61,53846153846154;-4;29;Qua;False
2026-07-29;Auxiliar de Cozinha;9;9;0;0;0;1;2;9;10;10,0;100,0;100,0;0;29;Qua;False
2026-07-29;Auxiliar de Lavanderia;2;8;0;0;0;1;4;8;9;11,11111111111111;400,0;400,0;6;29;Qua;False
2026-07-29;Camareira;4;10;4;0;0;3;5;14;17;17,647058823529413;350,0;250,0;10;29;Qua;False
2026-07-29;Concierge;1;1;0;0;0;0;0;1;1;0,0;100,0;100,0;0;29;Qua;False
2026-07-29;Garçom;41;33;3;1;0;6;86;37;43;13,953488372093023;90,2439024390244;80,48780487804879;-4;29;Qua;False
2026-07-29;Guia de Férias;1;1;0;0;0;0;0;1;1;0,0;100,0;100,0;0;29;Qua;False
2026-07-29;Monitor de Lazer e Recreação;7;4;0;0;0;0;1;4;4;0,0;57,14285714285714;57,14285714285714;-3;29;Qua;False
2026-07-29;Operador de Lava-Jato;0;1;0;0;0;0;0;1;1;0,0;;;1;29;Qua;False
2026-07-29;Recepcionista de Parques;13;10;2;0;0;1;3;12;13;7,6923076923076925;92,3076923076923;76,92307692307693;-1;29;Qua;False
2026-07-29;Roupeiro;0;2;0;0;0;0;3;2;2;0,0;;;2;29;Qua;False
2026-07-29;Vendedor Interno;1;2;1;0;0;0;0;3;3;0,0;300,0;200,0;2;29;Qua;False
2026-07-30;Atendente de Hotelaria;5;6;2;0;0;1;3;8;9;11,11111111111111;160,0;120,0;3;30;Qui;False
2026-07-30;Atendente de Parque;12;14;2;0;0;3;4;16;19;15,789473684210526;133,33333333333331;116,66666666666667;4;30;Qui;False
2026-07-30;Atendente de Portaria;2;1;1;0;0;0;0;2;2;0,0;100,0;50,0;0;30;Qui;False
2026-07-30;Aux. Serviços Gerais / Limpeza;13;9;0;0;0;4;8;9;13;30,76923076923077;69,23076923076923;69,23076923076923;-4;30;Qui;False
2026-07-30;Auxiliar de Cozinha;9;6;2;0;0;2;2;8;10;20,0;88,88888888888889;66,66666666666666;-1;30;Qui;False
2026-07-30;Auxiliar de Lavanderia;2;7;1;0;0;1;4;8;9;11,11111111111111;400,0;350,0;6;30;Qui;False
2026-07-30;Camareira;4;9;4;0;0;3;6;13;16;18,75;325,0;225,0;9;30;Qui;False
2026-07-30;Concierge;1;1;0;0;0;0;0;1;1;0,0;100,0;100,0;0;30;Qui;False
2026-07-30;Garçom;41;25;5;1;0;8;90;31;39;20,51282051282051;75,60975609756098;60,97560975609756;-10;30;Qui;False
2026-07-30;Guia de Férias;1;1;0;0;0;0;0;1;1;0,0;100,0;100,0;0;30;Qui;False
2026-07-30;Monitor de Lazer e Recreação;7;4;0;0;0;0;1;4;4;0,0;57,14285714285714;57,14285714285714;-3;30;Qui;False
2026-07-30;Operador de Lava-Jato;2;0;1;0;0;0;0;1;1;0,0;50,0;0,0;-1;30;Qui;False
2026-07-30;Recepcionista de Parques;16;8;4;0;0;1;3;12;13;7,6923076923076925;75,0;50,0;-4;30;Qui;False
2026-07-30;Roupeiro;0;2;0;0;0;0;3;2;2;0,0;;;2;30;Qui;False
2026-07-30;Vendedor Interno;1;3;0;0;0;0;0;3;3;0,0;300,0;300,0;2;30;Qui;False
2026-07-31;Atendente de Hotelaria;5;4;3;0;0;1;4;7;8;12,5;140,0;80,0;2;31;Sex;False
2026-07-31;Atendente de Parque;12;15;1;0;0;3;4;16;19;15,789473684210526;133,33333333333331;125,0;4;31;Sex;False
2026-07-31;Atendente de Portaria;2;1;1;0;0;0;0;2;2;0,0;100,0;50,0;0;31;Sex;False
2026-07-31;Aux. Serviços Gerais / Limpeza;13;5;2;0;0;6;8;7;13;46,15384615384615;53,84615384615385;38,46153846153847;-6;31;Sex;False
2026-07-31;Auxiliar de Cozinha;9;8;0;0;0;0;4;8;8;0,0;88,88888888888889;88,88888888888889;-1;31;Sex;False
2026-07-31;Auxiliar de Lavanderia;2;6;2;0;0;1;4;8;9;11,11111111111111;400,0;300,0;6;31;Sex;False
2026-07-31;Camareira;4;7;6;0;0;3;6;13;16;18,75;325,0;175,0;9;31;Sex;False
2026-07-31;Concierge;1;1;0;0;0;0;0;1;1;0,0;100,0;100,0;0;31;Sex;False
2026-07-31;Garçom;41;30;0;1;0;5;93;31;36;13,88888888888889;75,60975609756098;73,17073170731707;-10;31;Sex;False
2026-07-31;Guia de Férias;1;1;0;0;0;0;0;1;1;0,0;100,0;100,0;0;31;Sex;False
2026-07-31;Monitor de Lazer e Recreação;7;4;0;0;0;0;1;4;4;0,0;57,14285714285714;57,14285714285714;-3;31;Sex;False
2026-07-31;Operador de Lava-Jato;2;1;0;0;0;0;0;1;1;0,0;50,0;50,0;-1;31;Sex;False
2026-07-31;Recepcionista de Parques;16;11;0;0;0;1;4;11;12;8,333333333333332;68,75;68,75;-5;31;Sex;False
2026-07-31;Roupeiro;0;3;0;0;0;0;2;3;3;0,0;;;3;31;Sex;False
2026-07-31;Vendedor Interno;1;2;1;0;0;0;0;3;3;0,0;300,0;200,0;2;31;Sex;False
